SVType	CatType	Chr1	Breakpoint1	Gene1	Chr2	Breakpoint2	Gene2	SRSupports	DPSupports	RefCount	AltCount	AltFreq	Strand1	Transcripts1	Strand2	Transcripts2	SVID
INV	3to3	chr2	29446113	ALK	chr2	29446188	ALK	4	6	2039	4	0.00195791	-,-	NM_001353765(intron:1),NM_004304(intron:20)	-,-	NM_001353765(intron:1),NM_004304(intron:20)	0
INV	3to3	chr2	29446346	ALK	chr2	29446722	ALK	0	3	4160	3	0.000720634	-,-	NM_004304(exon:20),NM_001353765(exon:1)	-,-,-	NM_001353765(exon:1),NM_001353765(utr5:0),NM_004304(intron:19)	1
INV	3to3	chr2	29446974	ALK	chr2	42499117	EML4	0	7	2186	7	0.00319197	-	NM_004304(intron:19)	+,+	NM_001145076(intron:5),NM_019063(intron:6)	2
INV	5to5	chr2	29446974	ALK	chr2	42499119	EML4	47	15	3694	47	0.0125635	-	NM_004304(intron:19)	+,+	NM_001145076(intron:5),NM_019063(intron:6)	3
INV	3to3	chr2	29447131	ALK	chr2	29447263	ALK	0	3	3823	3	0.000784109	-	NM_004304(intron:19)	-	NM_004304(intron:19)	4
INV	3to3	chr2	29447684	ALK	chr2	29447926	ALK	0	2	4438	2	0.00045045	-	NM_004304(intron:19)	-	NM_004304(intron:19)	5
INV	3to3	chr2	29448060	ALK	chr2	29448422	ALK	0	4	4206	4	0.000950119	-	NM_004304(intron:19)	-	NM_004304(exon:19)	6
INV	5to5	chr2	29448269	ALK	chr2	29448421	ALK	0	12	4028	12	0.0029703	-	NM_004304(intron:19)	-	NM_004304(exon:19)	7
INV	5to5	chr2	29448715	ALK	chr2	29448961	ALK	0	7	3758	7	0.00185923	-	NM_004304(intron:18)	-	NM_004304(intron:18)	8
